<?xml version="1.0" encoding="UTF-8"?>
<project-private xmlns="http://www.netbeans.org/ns/project-private/1">
    <editor-bookmarks xmlns="http://www.netbeans.org/ns/editor-bookmarks/2" lastBookmarkId="0"/>
    <open-files xmlns="http://www.netbeans.org/ns/projectui-open-files/2">
        <group>
            <file>file:/Users/renziyuan/NetBeansProjects/Assignment03_Ren/web/part5.html</file>
            <file>file:/Users/renziyuan/NetBeansProjects/Assignment03_Ren/web/WEB-INF/web.xml</file>
            <file>file:/Users/renziyuan/NetBeansProjects/Assignment03_Ren/src/java/part5/servlet/shoppingCart1.java</file>
            <file>file:/Users/renziyuan/NetBeansProjects/Assignment03_Ren/web/cart.jsp</file>
            <file>file:/Users/renziyuan/NetBeansProjects/Assignment03_Ren/web/notice.jsp</file>
            <file>file:/Users/renziyuan/NetBeansProjects/Assignment03_Ren/src/java/part5/servlet/shoppingCart.java</file>
        </group>
    </open-files>
</project-private>
